{"5":{"lower":-1.2489085317054827,"upper":0.7491164294243318,"level":0.683},"56":{"lower":-1.0756642416153295,"upper":4.999999999999999,"level":0.683},"55":{"lower":4.7696917669450505,"upper":4.999999999999999,"level":0.683},"16":{"lower":-2.9799275416149213,"upper":4.999999999999999,"level":0.683},"20":{"lower":-3.537708483879531,"upper":4.999999999999999,"level":0.683},"35":{"lower":-0.9409879174902663,"upper":1.0495113547628936,"level":0.683},"60":{"lower":-1.9025442768718168,"upper":-0.0216625942157458,"level":0.683},"30":{"lower":-1.338256553759475,"upper":0.44337369184889397,"level":0.683},"19":{"lower":-2.788555898542437,"upper":4.999999999999999,"level":0.683},"32":{"lower":-1.205428017993181,"upper":0.5796837636945507,"level":0.683},"49":{"lower":-2.9177467815687823,"upper":4.999999999999999,"level":0.683},"6":{"lower":-0.9998808558934682,"upper":1.0013540410945951,"level":0.683},"45":{"lower":4.51911429212218,"upper":4.999999999999999,"level":0.683},"44":{"lower":-4.263336944981467,"upper":4.999999999999999,"level":0.683},"9":{"lower":-1.000975877570193,"upper":1.000340479751894,"level":0.683},"31":{"lower":-1.4249900874015693,"upper":0.4020391719135537,"level":0.683},"61":{"lower":0.2584166338648676,"upper":0.8943341576336722,"level":0.683},"29":{"lower":-1.4778987158844543,"upper":0.3856641690755494,"level":0.683},"46":{"lower":3.332922589265777,"upper":4.999999999999999,"level":0.683},"57":{"lower":-4.833092164538491,"upper":4.999999999999999,"level":0.683},"13":{"lower":-1.0006564004548266,"upper":1.0006272591356877,"level":0.683},"4":{"lower":-1.0014701648624156,"upper":0.9998091151944053,"level":0.683},"54":{"lower":-2.81955134263904,"upper":4.999999999999999,"level":0.683},"21":{"lower":1.8286749161572586,"upper":4.999999999999999,"level":0.683},"63":{"lower":-2.8475139770149673,"upper":-1.0979129934846108,"level":0.683},"38":{"lower":-1.0096222095833798,"upper":0.991500089543406,"level":0.683},"62":{"lower":-1.237836334382745,"upper":0.7594225523599765,"level":0.683},"58":{"lower":1.882446432356838,"upper":4.999999999999999,"level":0.683},"52":{"lower":3.993678355866091,"upper":4.999999999999999,"level":0.683},"12":{"lower":-1.6188156684672983,"upper":0.18866940750100733,"level":0.683},"24":{"lower":0.30347412019323267,"upper":4.999999999999999,"level":0.683},"28":{"lower":0.2487317214839013,"upper":4.999999999999999,"level":0.683},"8":{"lower":-1.0006418288207253,"upper":1.0006418288849148,"level":0.683},"17":{"lower":-2.7379383610298693,"upper":4.999999999999999,"level":0.683},"37":{"lower":-1.0213632048183539,"upper":0.9795593468942032,"level":0.683},"23":{"lower":-0.3335259408890288,"upper":4.999999999999999,"level":0.683},"53":{"lower":-2.9819507520592285,"upper":4.999999999999999,"level":0.683},"22":{"lower":-0.860621391559108,"upper":4.999999999999999,"level":0.683},"47":{"lower":0.29004798959515904,"upper":4.999999999999999,"level":0.683},"1":{"lower":-0.998253878753725,"upper":1.0029016603240326,"level":0.683},"43":{"lower":2.7075697700195867,"upper":4.999999999999999,"level":0.683},"41":{"lower":2.582012604367194,"upper":4.999999999999999,"level":0.683},"11":{"lower":-0.9979904452669522,"upper":1.0098793193790985,"level":0.683},"36":{"lower":-1.22303847614708,"upper":0.7549128954421584,"level":0.683},"14":{"lower":323.41388128346284,"upper":599.9999999999999,"level":0.683},"3":{"lower":-1.9711411382409272,"upper":-0.06082655179117251,"level":0.683},"51":{"lower":2.619876118382835,"upper":4.999999999999999,"level":0.683},"39":{"lower":-0.994520209989803,"upper":1.0066170639647236,"level":0.683},"7":{"lower":-1.1214359929544075,"upper":1.117342649986461,"level":0.683},"25":{"lower":-0.23933746254912694,"upper":4.999999999999999,"level":0.683},"33":{"lower":-1.1439040432934038,"upper":0.8455414014014774,"level":0.683},"40":{"lower":-1.025893252964209,"upper":0.9751676022387508,"level":0.683},"48":{"lower":0.8957013998516475,"upper":4.999999999999999,"level":0.683},"34":{"lower":-1.0732762326850929,"upper":0.9159884888590266,"level":0.683},"50":{"lower":-1.5296796580585037,"upper":4.999999999999999,"level":0.683},"15":{"lower":157.10036262734826,"upper":599.9999999999999,"level":0.683},"59":{"lower":-1.387586977196391,"upper":0.5944337758882207,"level":0.683},"2":{"lower":-1.1663919341676108,"upper":0.7731876332000567,"level":0.683},"27":{"lower":-2.123419566264482,"upper":4.999999999999999,"level":0.683},"18":{"lower":4.329733472793275,"upper":4.999999999999999,"level":0.683},"26":{"lower":-2.2066560503840664,"upper":4.999999999999999,"level":0.683},"10":{"lower":-2.848880919647097,"upper":-1.0778207925995493,"level":0.683},"42":{"lower":4.129023170248382,"upper":4.999999999999999,"level":0.683}}